{"cameraMode":{"drawMode":0,"name":"Shaded","section":"Shading Mode"},"sceneLighting":true,"audioPlay":false,"sceneViewState":{"showFog":true,"showMaterialUpdate":false,"showSkybox":true,"showFlares":true,"showImageEffects":true,"showParticleSystems":true},"in2DMode":false,"pivot":{"x":0.6385729312896729,"y":0.645460844039917,"z":-0.33071041107177737},"rotation":{"x":-0.10152782499790192,"y":-0.011940328404307366,"z":0.0012194785522297025,"w":-0.9947701096534729},"size":7.0980658531188969,"orthographic":false}