{"cameraMode":{"drawMode":0,"name":"Shaded","section":"Shading Mode"},"sceneLighting":false,"audioPlay":false,"sceneViewState":{"showFog":true,"showMaterialUpdate":false,"showSkybox":false,"showFlares":true,"showImageEffects":true,"showParticleSystems":true},"in2DMode":false,"pivot":{"x":3.725290298461914e-9,"y":2.1615002155303957,"z":-9.0600004196167},"rotation":{"x":0.11562582850456238,"y":0.297605961561203,"z":-0.03633873537182808,"w":0.9469668865203857},"size":0.0709383487701416,"orthographic":false}