{"cameraMode":{"drawMode":0,"name":"Shaded","section":"Shading Mode"},"sceneLighting":true,"audioPlay":false,"sceneViewState":{"showFog":true,"showMaterialUpdate":false,"showSkybox":true,"showFlares":true,"showImageEffects":true,"showParticleSystems":true},"in2DMode":false,"pivot":{"x":3.3483223915100099,"y":0.572928786277771,"z":0.8321837186813355},"rotation":{"x":-0.10152782499790192,"y":-0.011940328404307366,"z":0.0012194785522297025,"w":-0.9947701096534729},"size":3.0190398693084719,"orthographic":false}